{
    "content_scripts": [
        "contentfetcher.js"
    ], 
    "browser_button": {
        "caption": "Tugas Akhir", 
        "tooltipText": "Tugas Akhir", 
        "icon": "icons/button.png"
    }, 
    "creator": "Tony", 
    "description": "TugasAkhirKango", 
    "framework_version": "1.8.0 3dc957b83b36", 
    "homepage_url": "http://kangoextensions.com/", 
    "version": "0.9.0", 
    "framework_package_id": "dev", 
    "id": "{6F4DCD7C-7E52-11E0-8BAC-3CB64724019B}", 
    "name": "TugasAkhirKango"
}